<?xml version="1.0" encoding="UTF-8"?>
<GenRun Id="impl_1" LaunchPart="xc7z020clg400-1" LaunchTime="1714232482">
  <File Type="PLACE-DCP" Name="system_top_level_wrapper_placed.dcp"/>
  <File Type="PA-DCP" Name="system_top_level_wrapper.dcp"/>
  <File Type="OPT-METHODOLOGY-DRC" Name="system_top_level_wrapper_methodology_drc_opted.rpt"/>
  <File Type="INIT-TIMING" Name="system_top_level_wrapper_timing_summary_init.rpt"/>
  <File Type="ROUTE-PWR-RPX" Name="system_top_level_wrapper_power_routed.rpx"/>
  <File Type="PA-TCL" Name="system_top_level_wrapper.tcl"/>
  <File Type="OPT-HWDEF" Name="system_top_level_wrapper.hwdef"/>
  <File Type="RDI-RDI" Name="system_top_level_wrapper.vdi"/>
  <File Type="OPT-DCP" Name="system_top_level_wrapper_opt.dcp"/>
  <File Type="OPT-DRC" Name="system_top_level_wrapper_drc_opted.rpt"/>
  <File Type="OPT-TIMING" Name="system_top_level_wrapper_timing_summary_opted.rpt"/>
  <File Type="PWROPT-DCP" Name="system_top_level_wrapper_pwropt.dcp"/>
  <File Type="PWROPT-DRC" Name="system_top_level_wrapper_drc_pwropted.rpt"/>
  <File Type="PWROPT-TIMING" Name="system_top_level_wrapper_timing_summary_pwropted.rpt"/>
  <File Type="PLACE-IO" Name="system_top_level_wrapper_io_placed.rpt"/>
  <File Type="PLACE-CLK" Name="system_top_level_wrapper_clock_utilization_placed.rpt"/>
  <File Type="PLACE-UTIL" Name="system_top_level_wrapper_utilization_placed.rpt"/>
  <File Type="PLACE-UTIL-PB" Name="system_top_level_wrapper_utilization_placed.pb"/>
  <File Type="PLACE-CTRL" Name="system_top_level_wrapper_control_sets_placed.rpt"/>
  <File Type="PLACE-SIMILARITY" Name="system_top_level_wrapper_incremental_reuse_placed.rpt"/>
  <File Type="PLACE-PRE-SIMILARITY" Name="system_top_level_wrapper_incremental_reuse_pre_placed.rpt"/>
  <File Type="PLACE-TIMING" Name="system_top_level_wrapper_timing_summary_placed.rpt"/>
  <File Type="POSTPLACE-PWROPT-DCP" Name="system_top_level_wrapper_postplace_pwropt.dcp"/>
  <File Type="POSTPLACE-PWROPT-TIMING" Name="system_top_level_wrapper_timing_summary_postplace_pwropted.rpt"/>
  <File Type="PHYSOPT-DCP" Name="system_top_level_wrapper_physopt.dcp"/>
  <File Type="PHYSOPT-DRC" Name="system_top_level_wrapper_drc_physopted.rpt"/>
  <File Type="PHYSOPT-TIMING" Name="system_top_level_wrapper_timing_summary_physopted.rpt"/>
  <File Type="ROUTE-ERROR-DCP" Name="system_top_level_wrapper_routed_error.dcp"/>
  <File Type="ROUTE-DCP" Name="system_top_level_wrapper_routed.dcp"/>
  <File Type="ROUTE-BLACKBOX-DCP" Name="system_top_level_wrapper_routed_bb.dcp"/>
  <File Type="ROUTE-DRC" Name="system_top_level_wrapper_drc_routed.rpt"/>
  <File Type="ROUTE-DRC-PB" Name="system_top_level_wrapper_drc_routed.pb"/>
  <File Type="BG-BIN" Name="system_top_level_wrapper.bin"/>
  <File Type="ROUTE-DRC-RPX" Name="system_top_level_wrapper_drc_routed.rpx"/>
  <File Type="BG-DRC" Name="system_top_level_wrapper.drc"/>
  <File Type="ROUTE-METHODOLOGY-DRC" Name="system_top_level_wrapper_methodology_drc_routed.rpt"/>
  <File Type="BITSTR-MSK" Name="system_top_level_wrapper.msk"/>
  <File Type="ROUTE-METHODOLOGY-DRC-RPX" Name="system_top_level_wrapper_methodology_drc_routed.rpx"/>
  <File Type="BG-BGN" Name="system_top_level_wrapper.bgn"/>
  <File Type="ROUTE-METHODOLOGY-DRC-PB" Name="system_top_level_wrapper_methodology_drc_routed.pb"/>
  <File Type="ROUTE-PWR" Name="system_top_level_wrapper_power_routed.rpt"/>
  <File Type="ROUTE-PWR-SUM" Name="system_top_level_wrapper_power_summary_routed.pb"/>
  <File Type="ROUTE-STATUS" Name="system_top_level_wrapper_route_status.rpt"/>
  <File Type="ROUTE-STATUS-PB" Name="system_top_level_wrapper_route_status.pb"/>
  <File Type="ROUTE-TIMINGSUMMARY" Name="system_top_level_wrapper_timing_summary_routed.rpt"/>
  <File Type="ROUTE-TIMING-PB" Name="system_top_level_wrapper_timing_summary_routed.pb"/>
  <File Type="ROUTE-TIMING-RPX" Name="system_top_level_wrapper_timing_summary_routed.rpx"/>
  <File Type="ROUTE-SIMILARITY" Name="system_top_level_wrapper_incremental_reuse_routed.rpt"/>
  <File Type="ROUTE-CLK" Name="system_top_level_wrapper_clock_utilization_routed.rpt"/>
  <File Type="POSTROUTE-PHYSOPT-DCP" Name="system_top_level_wrapper_postroute_physopt.dcp"/>
  <File Type="POSTROUTE-PHYSOPT-BLACKBOX-DCP" Name="system_top_level_wrapper_postroute_physopt_bb.dcp"/>
  <File Type="POSTROUTE-PHYSOPT-TIMING" Name="system_top_level_wrapper_timing_summary_postroute_physopted.rpt"/>
  <File Type="POSTROUTE-PHYSOPT-TIMING-PB" Name="system_top_level_wrapper_timing_summary_postroute_physopted.pb"/>
  <File Type="POSTROUTE-PHYSOPT-TIMING-RPX" Name="system_top_level_wrapper_timing_summary_postroute_physopted.rpx"/>
  <File Type="BG-BIT" Name="system_top_level_wrapper.bit"/>
  <File Type="BITSTR-RBT" Name="system_top_level_wrapper.rbt"/>
  <File Type="BITSTR-NKY" Name="system_top_level_wrapper.nky"/>
  <File Type="BITSTR-BMM" Name="system_top_level_wrapper_bd.bmm"/>
  <File Type="BITSTR-MMI" Name="system_top_level_wrapper.mmi"/>
  <File Type="BITSTR-SYSDEF" Name="system_top_level_wrapper.sysdef"/>
  <File Type="WBT-USG" Name="usage_statistics_webtalk.html"/>
  <FileSet Name="sources" Type="DesignSrcs" RelSrcDir="$PSRCDIR/sources_1">
    <Filter Type="Srcs"/>
    <File Path="$PPRDIR/../adder.vhd">
      <FileInfo>
        <Attr Name="UsedIn" Val="synthesis"/>
        <Attr Name="UsedIn" Val="simulation"/>
      </FileInfo>
    </File>
    <File Path="$PPRDIR/../audio_ctrl.vhd">
      <FileInfo>
        <Attr Name="UsedIn" Val="synthesis"/>
        <Attr Name="UsedIn" Val="simulation"/>
      </FileInfo>
    </File>
    <File Path="$PPRDIR/../multi_port_adder.vhd">
      <FileInfo>
        <Attr Name="UsedIn" Val="synthesis"/>
        <Attr Name="UsedIn" Val="simulation"/>
      </FileInfo>
    </File>
    <File Path="$PPRDIR/../wave_gen.vhd">
      <FileInfo>
        <Attr Name="UsedIn" Val="synthesis"/>
        <Attr Name="UsedIn" Val="simulation"/>
      </FileInfo>
    </File>
    <File Path="$PPRDIR/../synthesizer.vhd">
      <FileInfo>
        <Attr Name="UsedIn" Val="synthesis"/>
        <Attr Name="UsedIn" Val="simulation"/>
      </FileInfo>
    </File>
    <File Path="$PPRDIR/i2c_config.vhd">
      <FileInfo>
        <Attr Name="UsedIn" Val="synthesis"/>
        <Attr Name="UsedIn" Val="simulation"/>
      </FileInfo>
    </File>
    <File Path="$PSRCDIR/sources_1/bd/system_top_level/system_top_level.bd">
      <FileInfo>
        <Attr Name="UsedIn" Val="synthesis"/>
        <Attr Name="UsedIn" Val="implementation"/>
        <Attr Name="UsedIn" Val="simulation"/>
      </FileInfo>
    </File>
    <File Path="$PSRCDIR/sources_1/bd/system_top_level/hdl/system_top_level_wrapper.vhd">
      <FileInfo>
        <Attr Name="UsedIn" Val="synthesis"/>
        <Attr Name="UsedIn" Val="simulation"/>
      </FileInfo>
    </File>
    <Config>
      <Option Name="DesignMode" Val="RTL"/>
      <Option Name="TopModule" Val="system_top_level_wrapper"/>
    </Config>
  </FileSet>
  <FileSet Name="constrs_in" Type="Constrs" RelSrcDir="$PSRCDIR/constrs_1">
    <Filter Type="Constrs"/>
    <File Path="$PPRDIR/../../xdc/synth_3.xdc">
      <FileInfo>
        <Attr Name="UsedIn" Val="synthesis"/>
        <Attr Name="UsedIn" Val="implementation"/>
      </FileInfo>
    </File>
    <Config>
      <Option Name="TargetConstrsFile" Val="$PPRDIR/../../xdc/synth_3.xdc"/>
      <Option Name="ConstrsType" Val="XDC"/>
    </Config>
  </FileSet>
  <Strategy Version="1" Minor="2">
    <StratHandle Name="Vivado Implementation Defaults" Flow="Vivado Implementation 2017"/>
    <Step Id="init_design"/>
    <Step Id="opt_design"/>
    <Step Id="power_opt_design"/>
    <Step Id="place_design"/>
    <Step Id="post_place_power_opt_design"/>
    <Step Id="phys_opt_design"/>
    <Step Id="route_design"/>
    <Step Id="post_route_phys_opt_design"/>
    <Step Id="write_bitstream"/>
  </Strategy>
</GenRun>
