<?xml version="1.0" encoding="UTF-8"?>
<!-- Product Version: Vivado v2017.2 (64-bit)                     -->
<!--                                                              -->
<!-- Copyright 1986-2017 Xilinx, Inc. All Rights Reserved.        -->

<hwsession version="1" minor="2">
  <device name="xc7z020_1" gui_info="dashboard1=hw_ila_1[xc7z020_1/hw_ila_1/Waveform=ILA_WAVE_1;xc7z020_1/hw_ila_1/Capture Setup=ILA_CAPTURE_1;xc7z020_1/hw_ila_1/Status=ILA_STATUS_1;xc7z020_1/hw_ila_1/Trigger Setup=ILA_TRIGGER_1;xc7z020_1/hw_ila_1/Settings=ILA_SETTINGS_1;]"/>
  <ObjectList object_type="hw_device" gui_info="">
    <Object name="xc7z020_1" gui_info="">
      <Properties Property="FULL_PROBES.FILE" value="$_project_name_.runs/impl_1/system_top_level_wrapper.ltx"/>
      <Properties Property="PROBES.FILE" value="$_project_name_.runs/impl_1/system_top_level_wrapper.ltx"/>
      <Properties Property="PROGRAM.HW_BITSTREAM" value="$_project_name_.runs/impl_1/system_top_level_wrapper.bit"/>
    </Object>
  </ObjectList>
  <ObjectList object_type="hw_ila" gui_info="">
    <Object name="u_ila_0" gui_info="">
      <Properties Property="CONTROL.CAPTURE_MODE" value="BASIC"/>
      <Properties Property="CONTROL.TRIGGER_CONDITION" value="AND"/>
      <Properties Property="CORE_REFRESH_RATE_MS" value="500"/>
    </Object>
  </ObjectList>
  <ObjectList object_type="hw_probe" gui_info="">
    <Object name="pin_i2c_sclk_OBUF" gui_info="Capture Setup=2"/>
    <Object name="system_top_level_i/i2c_config_0/U0/counter_sclk[13:0]" gui_info="Capture Setup=0"/>
    <Object name="system_top_level_i/i2c_config_0/U0/curr_state_r[2:0]" gui_info="Capture Setup=1"/>
    <Object name="system_top_level_i/i2c_config_0/param_status_out[3:0]" gui_info="Capture Setup=3"/>
    <Object name="system_top_level_i/i2c_config_0/sdat_inout_IBUF" gui_info="Capture Setup=4"/>
    <Object name="system_top_level_i/i2c_config_0/sdat_inout_OBUF" gui_info="Capture Setup=5"/>
  </ObjectList>
  <probeset name="hw project" active="false">
    <probe type="ila" busType="net" source="netlist" spec="ILA_V2_RT">
      <probeOptions Id="DebugProbeParams">
        <Option Id="CAPTURE_COMPARE_VALUE" value="eq1&apos;b0"/>
        <Option Id="COMPARE_VALUE.0" value="eq1&apos;bX"/>
        <Option Id="DISPLAY_HINT" value=""/>
        <Option Id="DISPLAY_VISIBILITY" value=""/>
        <Option Id="HW_ILA" value="hw_ila_1"/>
        <Option Id="MAP" value="probe3[0]"/>
        <Option Id="NAME.CUSTOM" value=""/>
        <Option Id="NAME.SELECT" value="Long"/>
        <Option Id="SOURCE" value="netlist"/>
        <Option Id="TRIGGER_COMPARE_VALUE" value="eq1&apos;bX"/>
      </probeOptions>
      <nets>
        <net name="pin_i2c_sclk_OBUF"/>
      </nets>
    </probe>
    <probe type="ila" busType="bus" source="netlist" spec="ILA_V2_RT">
      <probeOptions Id="DebugProbeParams">
        <Option Id="CAPTURE_COMPARE_VALUE" value="eq14&apos;b0X_XXXX_XXXX_XXXX"/>
        <Option Id="COMPARE_VALUE.0" value="eq14&apos;hXXXX"/>
        <Option Id="DISPLAY_HINT" value=""/>
        <Option Id="DISPLAY_VISIBILITY" value=""/>
        <Option Id="HW_ILA" value="hw_ila_1"/>
        <Option Id="MAP" value="probe0[13:0]"/>
        <Option Id="NAME.CUSTOM" value=""/>
        <Option Id="NAME.SELECT" value="Long"/>
        <Option Id="SOURCE" value="netlist"/>
        <Option Id="TRIGGER_COMPARE_VALUE" value="eq14&apos;hXXXX"/>
      </probeOptions>
      <nets>
        <net name="system_top_level_i/i2c_config_0/U0/counter_sclk[13]"/>
        <net name="system_top_level_i/i2c_config_0/U0/counter_sclk[12]"/>
        <net name="system_top_level_i/i2c_config_0/U0/counter_sclk[11]"/>
        <net name="system_top_level_i/i2c_config_0/U0/counter_sclk[10]"/>
        <net name="system_top_level_i/i2c_config_0/U0/counter_sclk[9]"/>
        <net name="system_top_level_i/i2c_config_0/U0/counter_sclk[8]"/>
        <net name="system_top_level_i/i2c_config_0/U0/counter_sclk[7]"/>
        <net name="system_top_level_i/i2c_config_0/U0/counter_sclk[6]"/>
        <net name="system_top_level_i/i2c_config_0/U0/counter_sclk[5]"/>
        <net name="system_top_level_i/i2c_config_0/U0/counter_sclk[4]"/>
        <net name="system_top_level_i/i2c_config_0/U0/counter_sclk[3]"/>
        <net name="system_top_level_i/i2c_config_0/U0/counter_sclk[2]"/>
        <net name="system_top_level_i/i2c_config_0/U0/counter_sclk[1]"/>
        <net name="system_top_level_i/i2c_config_0/U0/counter_sclk[0]"/>
      </nets>
    </probe>
    <probe type="ila" busType="bus" source="netlist" spec="ILA_V2_RT">
      <probeOptions Id="DebugProbeParams">
        <Option Id="CAPTURE_COMPARE_VALUE" value="eq3&apos;b0XX"/>
        <Option Id="COMPARE_VALUE.0" value="eq3&apos;hX"/>
        <Option Id="DISPLAY_HINT" value=""/>
        <Option Id="DISPLAY_VISIBILITY" value=""/>
        <Option Id="HW_ILA" value="hw_ila_1"/>
        <Option Id="MAP" value="probe1[2:0]"/>
        <Option Id="NAME.CUSTOM" value=""/>
        <Option Id="NAME.SELECT" value="Long"/>
        <Option Id="SOURCE" value="netlist"/>
        <Option Id="TRIGGER_COMPARE_VALUE" value="eq3&apos;hX"/>
        <Option Id="ENUM.ack" value="eq3&apos;b011"/>
        <Option Id="ENUM.finish" value="eq3&apos;b101"/>
        <Option Id="ENUM.start" value="eq3&apos;b001"/>
        <Option Id="ENUM.stop" value="eq3&apos;b100"/>
        <Option Id="ENUM.wait_start" value="eq3&apos;b000"/>
        <Option Id="ENUM.write_data" value="eq3&apos;b010"/>
      </probeOptions>
      <nets>
        <net name="system_top_level_i/i2c_config_0/U0/curr_state_r[2]"/>
        <net name="system_top_level_i/i2c_config_0/U0/curr_state_r[1]"/>
        <net name="system_top_level_i/i2c_config_0/U0/curr_state_r[0]"/>
      </nets>
    </probe>
    <probe type="ila" busType="bus" source="netlist" spec="ILA_V2_RT">
      <probeOptions Id="DebugProbeParams">
        <Option Id="CAPTURE_COMPARE_VALUE" value="eq4&apos;b0XXX"/>
        <Option Id="COMPARE_VALUE.0" value="eq4&apos;hX"/>
        <Option Id="DISPLAY_HINT" value=""/>
        <Option Id="DISPLAY_VISIBILITY" value=""/>
        <Option Id="HW_ILA" value="hw_ila_1"/>
        <Option Id="MAP" value="probe2[3:0]"/>
        <Option Id="NAME.CUSTOM" value=""/>
        <Option Id="NAME.SELECT" value="Long"/>
        <Option Id="SOURCE" value="netlist"/>
        <Option Id="TRIGGER_COMPARE_VALUE" value="eq4&apos;hX"/>
      </probeOptions>
      <nets>
        <net name="system_top_level_i/i2c_config_0/param_status_out[3]"/>
        <net name="system_top_level_i/i2c_config_0/param_status_out[2]"/>
        <net name="system_top_level_i/i2c_config_0/param_status_out[1]"/>
        <net name="system_top_level_i/i2c_config_0/param_status_out[0]"/>
      </nets>
    </probe>
    <probe type="ila" busType="net" source="netlist" spec="ILA_V2_RT">
      <probeOptions Id="DebugProbeParams">
        <Option Id="CAPTURE_COMPARE_VALUE" value="eq1&apos;b0"/>
        <Option Id="COMPARE_VALUE.0" value="eq1&apos;bX"/>
        <Option Id="DISPLAY_HINT" value=""/>
        <Option Id="DISPLAY_VISIBILITY" value=""/>
        <Option Id="HW_ILA" value="hw_ila_1"/>
        <Option Id="MAP" value="probe4[0]"/>
        <Option Id="NAME.CUSTOM" value=""/>
        <Option Id="NAME.SELECT" value="Long"/>
        <Option Id="SOURCE" value="netlist"/>
        <Option Id="TRIGGER_COMPARE_VALUE" value="eq1&apos;bX"/>
      </probeOptions>
      <nets>
        <net name="system_top_level_i/i2c_config_0/sdat_inout_IBUF"/>
      </nets>
    </probe>
    <probe type="ila" busType="net" source="netlist" spec="ILA_V2_RT">
      <probeOptions Id="DebugProbeParams">
        <Option Id="CAPTURE_COMPARE_VALUE" value="eq1&apos;b0"/>
        <Option Id="COMPARE_VALUE.0" value="eq1&apos;bX"/>
        <Option Id="DISPLAY_HINT" value=""/>
        <Option Id="DISPLAY_VISIBILITY" value=""/>
        <Option Id="HW_ILA" value="hw_ila_1"/>
        <Option Id="MAP" value="probe5[0]"/>
        <Option Id="NAME.CUSTOM" value=""/>
        <Option Id="NAME.SELECT" value="Long"/>
        <Option Id="SOURCE" value="netlist"/>
        <Option Id="TRIGGER_COMPARE_VALUE" value="eq1&apos;bX"/>
      </probeOptions>
      <nets>
        <net name="system_top_level_i/i2c_config_0/sdat_inout_OBUF"/>
      </nets>
    </probe>
  </probeset>
</hwsession>
